Modell,Accuracy,Precision,Recall,F1,AUC-ROC
Baseline-Regel,0.7444391859914813,0.5186500888099467,0.5204991087344029,0.5195729537366548,0.6729428533362736
Log. Regression,0.7444391859914813,0.5120828538550057,0.7932263814616756,0.6223776223776224,0.8442668421632946
RF (tuned),0.7690487458589683,0.5479632063074902,0.7433155080213903,0.6308623298033282,0.844362170828969
XGB (tuned),0.7477520113582584,0.5162037037037037,0.7950089126559715,0.6259649122807017,0.8412243646287005
